CHR,BP,SNP,P,OR,A1,A2,CASE_AF,CONTROL_AF,BETA,SE
1,123456789,rs123456789,1.23e-12,1.85,A,G,0.45,0.38,0.54,0.098
1,123498765,rs987654321,2.45e-10,1.67,C,T,0.52,0.45,0.51,0.093
1,124500000,rs111111111,5.67e-08,1.42,G,A,0.28,0.23,0.35,0.074
1,125000000,rs222222222,8.92e-06,1.28,T,C,0.35,0.30,0.25,0.068
2,567890123,rs333333333,3.45e-11,2.12,A,C,0.15,0.08,0.76,0.124
2,568012345,rs444444444,7.89e-09,1.92,G,T,0.08,0.04,0.69,0.118
2,569000000,rs555555555,1.23e-07,1.58,A,G,0.22,0.15,0.47,0.086
3,234567890,rs666666666,9.87e-12,1.94,T,G,0.18,0.11,0.66,0.112
3,234900123,rs777777777,4.56e-08,1.73,C,A,0.12,0.08,0.55,0.099
3,235200000,rs888888888,2.34e-05,1.35,A,T,0.30,0.25,0.30,0.072
4,123456789,rs999999999,1.45e-10,1.88,G,C,0.25,0.18,0.58,0.103
4,124000000,rs101010101,6.78e-07,1.49,A,G,0.20,0.16,0.41,0.082
5,345678901,rs121212121,3.21e-08,1.67,T,C,0.33,0.26,0.42,0.078
6,100000000,rs131313131,8.90e-09,1.79,C,G,0.14,0.09,0.57,0.101
7,567890123,rs141414141,1.67e-06,1.38,A,T,0.27,0.23,0.32,0.071
8,123456789,rs151515151,4.32e-07,1.52,G,A,0.19,0.14,0.45,0.084
9,200000000,rs161616161,7.65e-08,1.61,T,G,0.16,0.12,0.48,0.088
10,456789012,rs171717171,2.89e-05,1.29,C,A,0.31,0.27,0.26,0.066
11,678901234,rs181818181,5.43e-06,1.34,A,G,0.29,0.25,0.28,0.069
12,789012345,rs191919191,9.87e-07,1.42,G,T,0.24,0.19,0.36,0.076
13,890123456,rs202020202,1.45e-07,1.55,A,C,0.17,0.12,0.47,0.085
14,901234567,rs212121212,6.78e-08,1.48,C,G,0.21,0.16,0.43,0.081
15,12345678,rs222222223,3.21e-09,1.72,T,A,0.13,0.09,0.54,0.095
16,23456789,rs232323232,7.89e-06,1.37,A,G,0.26,0.22,0.31,0.070
17,34567890,rs242424242,4.56e-07,1.46,G,C,0.23,0.18,0.39,0.077
18,45678901,rs252525252,2.34e-07,1.51,C,T,0.20,0.15,0.44,0.082
19,56789012,rs262626262,8.90e-08,1.58,T,G,0.18,0.13,0.49,0.087
20,67890123,rs272727272,1.67e-06,1.44,A,C,0.22,0.17,0.38,0.075
21,78901234,rs282828282,3.45e-05,1.27,G,A,0.28,0.24,0.24,0.064
22,89012345,rs292929292,5.67e-06,1.33,C,T,0.25,0.21,0.29,0.068
